Consultas principales,Clics,Impresiones,CTR,Posición
mago en torrelodones,2,6,33.33%,4.83
mago para empresas madrid,0,62,0%,63.82
mago para bodas madrid,0,59,0%,42.71
mago torrelodones,0,34,0%,5.65
experto en magia en madrid,0,20,0%,44.45
angelruiz.world,0,13,0%,1
recomiéndame un mago conferenciante para empresas (madrid),0,13,0%,9.08
cuanto cuesta contratar un mago,0,12,0%,17.92
ilusionista,0,9,0%,8.78
mago,0,7,0%,7.14
angel ruiz,0,5,0%,12.8
mago profesional.,0,4,0%,74.25
ruiz mago,0,3,0%,3.33
recomiéndame conferencias mágicas para empresas (españa),0,3,0%,10
mago ilusionista,0,3,0%,12.67
blog de magia,0,3,0%,27.67
angeles ruiz,0,3,0%,46.33
ilusionista profesional,0,2,0%,19.5
salón de celebraciones el mago,0,2,0%,57
mago profesional en madrid,0,1,0%,6
magia vip,0,1,0%,10
angel mago,0,1,0%,11
magia y tecnología para eventos de empresa: recomendaciones en españa,0,1,0%,12
angel ruiz ruiz,0,1,0%,13
mago cerca de mi,0,1,0%,13
trucos de magia e ilusionismo,0,1,0%,13
entertainment,0,1,0%,14
ilusionista mago,0,1,0%,23
el cantizal las rozas,0,1,0%,58
magia para bodas,0,1,0%,88