Páginas principales,Clics,Impresiones,CTR,Posición
https://angelruiz.world/,40,524,7.63%,4.75
https://angelruiz.world/mago-torrelodones,10,193,5.18%,5.08
https://angelruiz.world/mago-galapagar,7,60,11.67%,5.13
https://angelruiz.world/blog,4,39,10.26%,15.03
https://angelruiz.world/particulares/bodas,3,100,3%,33.1
https://angelruiz.world/mago-las-matas,3,24,12.5%,3.25
https://angelruiz.world/mago-sierra-madrid,3,9,33.33%,5.44
https://angelruiz.world/valoraciones,2,70,2.86%,4.3
https://angelruiz.world/mago-las-rozas,2,59,3.39%,5.54
https://angelruiz.world/mago-villalba,2,43,4.65%,5.67
https://angelruiz.world/empresas,1,142,0.7%,27.98
https://angelruiz.world/mago-boadilla,1,14,7.14%,4
https://angelruiz.world/sobre-mi,0,123,0%,3.96
https://angelruiz.world/blog/mago-para-bodas-madrid-faq,0,86,0%,31.76
https://angelruiz.world/blog/cuanto-cuesta-mago-madrid-precios,0,61,0%,14.52
https://angelruiz.world/particulares/eventos,0,52,0%,9.08
https://angelruiz.world/particulares,0,38,0%,3.21
https://angelruiz.world/mago-el-escorial,0,38,0%,6.58
https://angelruiz.world/blog/magia-corporativa-madrid,0,32,0%,60
https://angelruiz.world/mago-majadahonda,0,31,0%,4.55
https://angelruiz.world/galeria,0,24,0%,4.83
https://angelruiz.world/mago-pozuelo,0,11,0%,6.27